ra_simbad,dec_simbad,Identifier
11.242897718062666,-44.30670269273,CD-43 6891
11.458161191577332,-39.87651232749,HD 99627
11.458001299484,-39.88261816304,2MASS J11272881-3952572
11.953443763029332,-36.08267505642,HD 103823
11.853649109659333,-43.9330569913,HD 102981
12.123005488484,-32.661852826579995,HD 105295
12.155680883184667,-42.838464724750004,HD 105577
12.109147826647334,-42.79746028385,CD-42 7422
12.472907545696,-39.04116402996,* u Cen
12.537455372598666,-42.29729749846,HD 109075
12.600286596155334,-39.86950568483,HD 109573
12.844767607938001,-33.99934795846,* p Cen
12.865814192856666,-39.68043067393,HD 111774
13.172074294251333,-32.805443873399994,HD 114335
13.291375909743333,-42.93297386495,HD 115371
13.393412534631999,-42.531393623999996,HD 116324
13.621605518872666,-40.89787698768,HD 118379
13.632581761670668,-41.57830506772,CD-40 8031
13.632581761670668,-41.57830506772,CD-40 8031
13.863778155555556,-32.994085194444445,* 3 Cen
14.029361486251334,-39.43861169799,HD 122259
14.223317611360667,-33.51826514106,HD 124283
14.183224962981333,-36.26716308399,HD 123889
14.28427506038,-34.53671762472,HD 124904
14.375080272929333,-35.53861773914,CD-34 9571
14.323300029305999,-37.00290685876,HD 125283
14.416949765223332,-37.44703684986,HD 126194
14.469562883333333,-29.491635666666667,* l Hya
14.439261979056667,-36.73494958327,CD-36 9353
14.759019060545333,-26.94266173525,HD 129831
14.769578150749334,-30.970114891879998,HD 129927
14.75723892753,-32.81039665863,HD 129787
14.789843246044,-35.053752631269994,UCAC2 16840932
14.949292933159333,-26.28502644453,HD 131885
14.841821386862001,-35.093350101990005,HD 130656
14.840503796080668,-35.11349431792,CD-34 9963
14.843076476134668,-34.98492584189,2MASS J14503508-3459056
14.907030330555555,-34.14278922222222,HD 131399
14.995745420238666,-34.42964346209,CD-33 10212
15.032800615520667,-34.35887669254,HD 132763
15.040559333333333,-34.0870589,RX J1502.4-3405
15.120782580013334,-35.08320218501,CD-34 10180
15.134745717058,-33.63216847975,RX J1508.0-3337
15.21879493006,-36.09141930329,HD 134837
15.337053624133334,-34.92543726585,HD 136164
15.318172196256,-36.36227966988,HD 135953
15.369793196922,-37.63562336536,HD 136482
15.401865590538,-36.0170129028,HD 136853
15.425047145341999,-36.19942299335,HD 137119
15.38593056961111,-36.85848668,* phi02 Lup
15.408988132068,-36.86743621562,V* MP Lup
15.408988132068,-36.86743621562,V* MP Lup
15.417657277118,-36.079311960990005,CD-35 10273
15.425880267718,-36.22965603285,V* MQ Lup
15.426851902647332,-35.6255373798,V* MR Lup
15.461756844265333,-36.236959155870004,HD 137499
15.455036239183999,-36.76755964775,HD 137432
15.494048049631333,-35.78094876383,CD-35 10323
15.447938300967333,-37.36839410857,UCAC2 15990177
15.456342622892526,-36.069281672200006,2MASS J15272286-3604087
15.496462451959333,-36.477057661050004,CD-36 10208
15.63406998591,-38.12307736158,V* MT Lup
15.678102910532,-37.938483315229995,V* MU Lup
15.746422400539332,-38.194608507629994,2MASS J15444712-3811406
15.797544588588666,-38.26000866054,HD 140958
15.827676114684666,-38.77747620998,HD 141254
15.829160423055555,-39.419198146666666,HD 141277
15.935890740192,-37.93503503297,THA 15-12
16.0020355155,-38.396708679166665,* eta Lup
16.056719291722224,-38.60254243083333,HD 143699
16.096188441666666,-39.84331488888889,HD 144118
16.051525419051334,-40.30706297991,HD 325367
16.079024686472668,-39.434661085799995,V* LM Lup
16.030395051714667,-40.438701841729994,RX J1601.8-4026
16.064583557386,-39.65035178479,CD-39 10292
16.095833788704,-39.10181479964,CD-38 10866
16.142933783422,-39.09285507468,V* V1027 Sco
16.138388553348804,-38.73491859280083,V* NQ Lup
16.148409582993335,-39.101610850490005,RX J1608.9-3905
16.167998279768668,-40.270079547339996,V* V1096 Sco
16.24937959500667,-39.62781130789,HD 145880
16.260320367554666,-41.64965708956,HD 145984
16.198153132453335,-39.0377181764,THA 15-43
16.26573720833,-39.7878532764,2MASS J16155664-3947163
16.143382555852668,-39.38401805027,V* V1094 Sco
16.731689462482667,-41.1133440719,HD 150591
16.745164630668,-40.83967506922,HD 150742
16.875524556008,-42.99179349253,HD 151966
15.030190187592002,-31.54403402211,HD 132761
15.049799026844,-32.64329139993,HD 132955
15.109221615732,-30.91848157696,V* HZ Lup
15.143501707552666,-33.28867045309,HD 134000
15.184582990152666,-32.85845604056,TYC 7316-564-1
15.224434132184,-33.14727885377,HD 134888
15.194356911690667,-32.81558028336,[WSK97] RX J1511.6-3249B
15.262603314669333,-33.53325697337,V* LT Lup
15.52144683888889,-33.819841888888895,HD 138138
15.522758335879335,-33.49429121311,CD-33 10568
15.698116174726,-34.88886251553,HD 139883
15.711395015805556,-34.710406033333335,* psi02 Lup
15.721442456277334,-35.24334428215,HD 140127
15.657714351643333,-34.77144752444,Sz 65
15.662881333333333,-34.850703700000004,RX J1539.7-3450
15.662881333333333,-34.850703700000004,RX J1539.7-3450
15.701440715759999,-36.02550390272,2MASS J15420518-3601317
15.729900110200667,-35.475031200100005,HD 140241
15.778949286197333,-34.68245278071,HD 140784
15.785046481206,-35.51803869483,HD 140840
15.781011579534667,-36.93684463484,HD 140757
15.778113262298001,-36.31318297128,CD-35 10498
15.934896660801334,-36.89287229329,HD 142446
15.934028920215333,-36.72978481303,2MASS J15560250-3643472
15.751768429349333,-35.10192026382,HD 140475
16.008701255555554,-36.087950194444446,HD 143215
16.109873328560003,-36.802270529619996,* tet Lup
16.033017881697997,-37.5343681163,V* LL Lup
16.078423196632,-37.816130774799994,HD 143927
16.065625753006668,-36.413780782559996,TYC 7342-865-1
16.134549953049333,-36.23183278268,HD 144591
16.274547205277997,-38.73676585666,HD 146181
16.20039111902236,-38.6743534174525,RX J1612.0-3840
16.220190646416665,-38.0642663163,2MASS J16131267-3803513
16.23278219854933,-36.3037164215,CD-35 10827
16.319539601920667,-38.851092333690005,CD-38 10948
16.408820663584667,-37.566044578589995,HR 6100
16.66314246328,-39.34455351175,GSC 07854-02093
16.697778651122,-40.46623430201,HD 150287
16.845977387995998,-38.25641904518,HD 151726
16.874281928646,-40.72315502518,V* V911 Sco
16.878253192712002,-38.76034768695,HD 152041
15.120815710556666,-29.50448124142,HD 133803
15.111828291802667,-30.792408952210003,2MASS J15064258-3047326
15.332370997831333,-30.10692285032,V* KN Lup
15.253874298597333,-30.97782869163,HD 135271
15.298919734602666,-30.47817287924,HD 135778
15.258915427506,-30.09268632732,CD-29 11614
15.340042566332,-30.62547152653,CD-30 12142
15.400845452779334,-32.16413520884,V* MO Lup
15.4788984,-31.29389677777778,HD 137727
15.538925744554,-31.14273951854,HD 138296
15.530619305982668,-32.88111533701,HD 138221
15.403185857926667,-30.51617815534,2MASS J15241147-3030582
15.603156423622666,-33.09280409973,HD 138923
15.573093717613332,-33.00244382946,2MASS J15342313-3300087
15.624420094690667,-32.48502842599,HD 139124
15.734381418005333,-33.18644563172,CD-32 11039
15.753574389928668,-34.291845667509996,CD-33 10685
15.923949853202666,-33.63980162324,2MASS J15552621-3338232
16.038479732979336,-35.26993332418,HD 143538
16.068644452124,-35.176848780949996,HD 143844
16.523036945083334,-34.704365172222225,* N Sco
16.872262588833333,-38.017534955277775,* mu.02 Sco
16.86450787635267,-38.047399464,* mu.01 Sco
16.995130657175334,-37.438042516939994,HD 153232
15.342060832392667,-28.2871066806,HD 136246
15.326269029994666,-28.7727087374,CD-28 11283A
15.64426930436111,-29.77774877888889,* tau Lib
15.763222281595333,-30.34881846032,V* KW Lup
15.825552637792667,-31.26112062073,HD 141313
15.817420826006666,-31.04827387105,CD-30 12558
15.817420826006666,-31.04827387105,CD-30 12558
15.914282224329334,-31.91287335808,WRAY 15-1380
15.980594309332666,-32.05230847534,HD 142992
16.091916580555555,-32.2380055,HD 144137
16.075154915070666,-32.12463200517,CD-31 12522
16.1423872295,-31.919745809444446,HD 144734
16.426821734856002,-32.0767294754,HD 147857
16.399087294444445,-33.19939736111111,HD 147553
16.443307093074665,-33.24671708825,2MASS J16263591-3314481
16.63486897499,-34.01962052551,HD 149735
16.907331764962304,-33.47535430996222,HD 152384
15.419275988664,-26.57527416338,HD 137130
15.421456995508667,-27.49194638163,TYC 6771-369-1
15.685219471244666,-26.94063810038,CD-26 10981
15.948076733083333,-29.214072551388888,* rho Sco
16.059284737285335,-30.13704988633,HD 143811
16.153789528050666,-29.30433152551,HD 144894
16.204455308333333,-28.417308944444446,* 12 Sco
16.337642880791332,-28.71691105841,HD 146974
16.419415456115335,-30.799241264280003,HD 147810
16.39638384836,-28.833997858289997,CD-28 12088
16.636335866202,-29.677902152570002,HD 149790
16.510543035500667,-29.906209409459997,CD-29 12588
16.72366473806133,-30.379959858550002,TYC 7346-610-1
15.552642383333334,-24.490417361111113,HD 138488
15.53538451641,-24.45362007519,CD-24 12146
15.599390740428001,-23.40127521768,2MASS J15355780-2324046
15.69200380263,-25.34342122783,CD-24 12231
15.638310911483332,-23.62520475885,GSC 06777-00831
15.713866772645332,-25.6112778853,TYC 6781-1046-1
15.737040668823333,-25.38308772265,GSC 06781-00908
15.789813630477333,-25.86771183207,HD 140968
15.785408026636,-25.32965874572,CD-24 12289
15.800917493349335,-25.215587774859998,HD 141091
15.833273640021334,-25.15098792816,HD 141441
15.893533,-25.327141305555557,* 2 Sco
15.898309507883333,-24.5331592472,HD 142165
15.910980459235335,-25.243738879480002,* 3 Sco
15.849651239686667,-25.75129407694,* b Sco
15.82249974432,-26.00175523451,CD-25 11113
15.875340965502,-26.5647065629,2MASS J15523122-2633529
15.918397918332666,-25.35293841695,2MASS J15550624-2521102
16.024066724750664,-25.19850430297,HD 143472
16.120186716071334,-27.09946886677,HD 144499
16.04419541260467,-25.70218208476,2MASS J16023910-2542078
16.09740345533133,-25.553782865200002,2MASS J16055065-2533136
16.116098142412003,-27.71937793446,HD 144432
16.145462634003334,-25.376825718190002,HD 144823
16.145390787559332,-26.037998528920003,2MASS J16084340-2602168
16.16827048365,-26.43524818081,GSC 06788-00326
16.181973809160667,-25.522685932709997,HD 145263
16.280729034615998,-25.86297409546,HD 146331
16.197412977777777,-27.552723694444445,HD 145408
16.20505691588889,-27.92637381777778,* c02 Sco
16.30448881158,-28.04170798767,HD 146606
16.249773004905336,-27.839705771149998,2MASS J16145918-2750230
16.249773004905336,-27.839705771149998,2MASS J16145918-2750230
16.43073857811111,-26.56842342611111,HD 147955
16.441642153928,-27.68895729415,HD 148040
16.47359661836333,-27.388452105109998,TYC 6803-1071-1
16.427355593333335,-26.2317459,CD-25 11504
16.325928662659333,-28.12775036473,GSC 06806-00016
16.534314597949336,-28.50492809724,HD 148862
16.598042459166667,-28.2160170875,* tau Sco
16.826664224036666,-27.468831147019998,CD-27 11188
17.25100245336303,-27.827704751384168,CD-27 11535
15.410928536158668,-21.03449139225,BD-20 4227
15.536202854295333,-21.9668231844,HD 138343
15.889423919206667,-21.97129086607,HD 142097
15.911554501714667,-22.76625388525,HD 142315
15.921550895603334,-23.36770894343,HD 142424
15.898851122222222,-23.978097833333333,HD 142184
15.946626305901333,-23.18407448231,HD 142705
15.976920174441334,-22.954227933109998,HD 143006
15.970196574740667,-23.47681352778,CD-23 12602
15.959529678108666,-23.35340796993,V* V1148 Sco
15.963556151515998,-23.52730392616,V* V928 Sco
16.037098719495336,-22.68755884078,HD 143600
16.088652141924666,-23.66911983728,HD 144175
16.101774759010667,-23.60634712261,HD 144334
16.124979275558,-23.95068027529,HD 144587
16.03623169211467,-22.6913400357,V* V1154 Sco
16.023786161390667,-22.677858064120002,CD-22 11298
16.115108000000003,-24.269680299999997,1RXS J160652.6-241627
16.030969545812553,-24.75696166123222,2MASS J16015149-2445249
16.17370975108467,-23.10649545379,HD 145189
16.169410745367333,-24.58242041959,HD 145127
16.145477857372665,-23.68541207257,HD 144844
16.131079960347332,-24.462346517529998,HD 144661
16.201648173827998,-23.245742578570002,HD 145504
16.307849088944,-23.27430207519,HD 146706
16.202746769253334,-23.92154309925,HD 145505
16.22930510833333,-24.42209502777778,HD 145792
16.273658981807333,-24.988740034,HD 146285
16.248174851826,-25.47697234462,HD 146001
16.217421534154,-22.96235917809,2MASS J16130271-2257446
16.224802366998667,-23.18543815474,2MASS J16132929-2311075
16.233920552039333,-23.01727446756,2MASS J16140211-2301021
16.236408264096447,-23.09335318890111,CD-22 11432
16.271651801125998,-23.66320602525,2MASS J16161795-2339476
16.35533084232267,-23.70798286945,HD 147196
16.353143253722223,-25.592792076666665,* sig Sco
16.34574784873133,-24.52732753386,GSC 06798-00091
16.423414333299334,-23.46020765782,HD 147888
16.405921803504665,-25.02540241066,HD 147701
16.498498701848668,-24.979465282019998,HD 148562
16.400806377108665,-25.415020306139997,HD 147648
16.416429897956665,-25.354992986430002,HD 147809
16.461190496706,-24.36781395175,EM* SR 9
16.492771723949335,-24.925126393590002,2MASS J16293397-2455303
16.42201385381267,-24.44800270315,CD-24 12683
16.42201385381267,-24.44800270315,CD-24 12683
16.39231649428133,-25.39683705999,CD-25 11492
16.401759926666664,-24.9463845,RX J1624.0-2456
16.452576928574,-23.65158828012,2MASS J16270927-2339055
16.448004910678,-23.720196276899998,VSS II-28
16.424619702618667,-23.77399879486,EM* SR 6
16.455418188589693,-24.694559674584724,EM* SR 12
16.503465316472223,-25.115223408333335,* i Sco
16.533781998483335,-25.50705271907,DoAr 50
16.533498374672668,-25.50799699226,DoAr 49
16.517877905162667,-24.07591781049,CoKu Haro 1-14 c
16.536609714464667,-24.672677890950002,DoAr 51
16.581427587049333,-25.30472511269,HD 149309
16.579525598676668,-26.10901539581,DoAr 61
16.561646562143334,-25.392808667489998,V* V877 Sco
16.757263265668,-25.05462568668,2MASS J16452615-2503169
16.763462077438,-26.64941614566,HD 151012
16.83630766702733,-26.74254462408,HD 151721
16.870365019222,-26.919671803900002,HD 152057
17.066892640502665,-25.69800023501,* 28 Oph
17.225785931674665,-26.035322676550003,CD-25 12033
15.558437222515334,-20.05732531836,HD 138563
15.650016043358667,-19.73255543406,HD 139486
15.630326656532,-18.679185010210002,TYC 6189-101-1
15.937468647157333,-21.01136496449,GSC 06199-01511
16.032070758212,-21.980388583579998,HD 143567
16.095385761328,-21.83876327202,HD 144254
16.09518753877533,-20.07090126064,ScoPMS 29
16.11345192252778,-20.669191731944444,* ome Sco
16.032837645986667,-20.13665406751,BD-19 4288
16.108802948289334,-20.60646995216,GSC 06208-00834
16.108802948289334,-20.60646995216,GSC 06208-00834
16.008707798268027,-20.451388637357777,RX J1600.5-2027
16.011880468258667,-21.460559503949998,2MASS J16004277-2127380
16.029844131932666,-20.82937471383,RX J1601.7-2049
16.072681887439998,-21.50793057314,2MASS J16042165-2130284
16.14909170498933,-20.562732538560002,2MASS J16085673-2033460
16.15841875807533,-21.08303994472,RX J1609.5-2105
16.161386927324664,-22.299868768190002,2MASS J16094098-2217594
16.198754993728,-21.105002595360002,HD 145467
16.241356313463335,-21.107636548770003,HD 145964
16.282990594434665,-21.30413196671,HD 146416
16.31087321671667,-21.59284769439,HD 146743
16.197960536396,-22.54503329824,HD 145468
16.219886623222,-22.48517277431,HD 145718
16.259601466666666,-22.711697,V* VV Sco
16.292053047783334,-23.060034195220002,HD 146516
16.221828206508665,-22.21361636004,BD-21 4301
16.178339759824667,-21.02557493744,GSC 06213-01459
16.133725637664668,-20.4615729597,1RXS J160801.7-202755
16.324789413030665,-21.40368687756,HD 146897
16.355873806347336,-22.108958332620002,HD 147220
16.347286453642,-22.594108326689998,HD 147137
16.316550845863333,-22.22455764254,BD-21 4333
16.326101783286,-22.474851737509997,2MASS J16193396-2228294
16.381049063888888,-23.118757527777777,HD 147432
16.41426769379933,-22.65904404341,HD 147808
16.496859107762003,-21.869980228510002,BD-21 4369
16.460989813201998,-22.75642533264,2MASS J16273956-2245230
16.385506227805333,-23.01666565857,CD-22 11523
16.596768878132664,-21.81105062617,GSC 06228-01359
16.671645642423336,-23.89588704797,HD 150193
16.820060202198,-22.7115786944,HD 151594
15.548672570991334,-16.852844783650003,* zet04 Lib
15.748122818684,-18.7509615912,HD 140560
15.696481541753334,-18.08311289368,TYC 6189-262-1
15.979922267135333,-17.96658320065,TYC 6191-552-1
15.983908583260666,-18.73731714115,TYC 6191-19-1
16.120813437081335,-17.93603639321,HD 144586
16.066732877857334,-19.76747955926,HD 143956
16.09071350471333,-19.801901506900002,* bet02 Sco
16.079931435729332,-19.50636563087,ScoPMS 27
16.106094391859333,-19.47911179813,ScoPMS 31
16.090619995166666,-19.805452782777778,* bet01 Sco
16.050744439242667,-18.10139512833,GSC 06204-00812
16.056571808278,-17.861797570310003,2MASS J16032367-1751422
16.117760608158,-19.19277053583,RX J1607.0-1911
16.150722490961332,-18.99556638002,HD 144925
16.15580241945533,-19.457211876789998,HD 144981
16.172706243582002,-19.068497300689998,ScoPMS 42b
16.137428927551998,-19.14241355234,TYC 6209-735-1
16.14287882664,-19.19894296452,ASAS J160835-1912.0
16.199926577777777,-19.460704472222222,* nu. Sco
16.20606475582933,-19.57904702548,HD 145554
16.212250150787334,-19.5028746762,HD 145631
16.264032606322,-20.07645949146,HD 146216
16.185807154461333,-19.07971575557,Wa Oph 1
16.211254011279998,-18.99118545012,BD-18 4244
16.187595598346668,-17.955952686939998,1RXS J161115.1-175741
16.15021090027,-19.1479667672,[PGZ2001] J160900.7-190852
16.210879670078,-18.99123871656,[T64] 6
16.341824507534664,-20.11444426178,HD 147104
16.334859111104,-20.0563974127,V* V933 Sco
16.45039860811111,-18.456248273333333,* chi Oph
16.79648252818667,-19.87554226187,HD 151376
16.117964923110666,-16.94326691513,HD 144569
16.47904839079333,-17.477602404469998,HD 148437
16.641292440927334,-18.220475868439998,HD 149914
16.54009137035067,-17.06113417889,UCAC4 365-076247
15.9698246375,-14.27935817388889,* 48 Lib
17.629576319609335,-13.24627682577,HD 159911
11.223950241132,-45.39520026783,V* V1215 Cen
11.096039028512667,-47.442297955079994,HD 96338
11.002299309285334,-51.81780184848,HD 95429
10.782631289222223,-56.75719167111111,HD 93563
10.318075708333334,-64.6762576388889,HD 89715
10.115477768126667,-63.869059400990004,CPD-63 1286
10.574973345616666,-62.599237333610006,HD 307772
10.699903527777778,-63.50729836111111,HD 92896
10.561612621765335,-64.22935968861,V* V542 Car
10.492431699795333,-63.82098850276,TYC 8964-165-1
10.737204098529332,-64.77425683736,HD 307960
10.382818350333334,-66.90149730611111,* L Car
11.362360977779334,-49.90214373288,HD 98803
11.350112819444444,-54.49101816666667,* pi. Cen
11.34068440497,-58.56730812915001,HD 304169
11.212557499876667,-64.16976976726001,HD 97583
11.005267382968666,-61.300594870809995,HD 305810
10.775838483372668,-65.45508808875,HD 310131
10.830111448063333,-64.77457443233,V* V570 Car
10.963715426185999,-69.2333195832,CPD-68 1388
11.677383789032666,-49.50920235726,HD 101523
11.551549068970001,-54.324596416860004,HD 100453
11.535652074469333,-58.05557803173,HD 304428
11.67596262138,-56.69607375077,TYC 8638-2548-1
11.299482495742,-64.04259782516999,HD 98363
11.297741539662667,-64.03488064014999,WRAY 15-788
11.465376288155444,-66.4345832109114,TYC 8984-2245-1
11.526376796038,-67.73184325294,HD 100282
11.331318057177333,-70.61846647547999,HD 98660
11.986300095178667,-45.83222167864,HD 104080
11.835328045228001,-49.54320613025,HD 102814
11.790151061284666,-49.88417180127,HD 102458
11.823083130864,-48.017038149499996,TYC 8220-950-1
11.789053664439999,-49.88453791885,TWA 19B
11.789053664439999,-49.88453791885,TWA 19B
11.977481149543333,-52.76870764235,HD 104021
11.762441343070666,-52.69050441858,HD 102235
11.928763201612666,-54.180691338989995,HD 103599
11.879070145168,-55.23524662903,TYC 8635-1764-1
11.885557905816666,-56.7272503255,HD 103234
11.989926442096,-57.16798397706,HD 104125
11.884628754546,-58.25346591848,HD 103235
11.940712138065333,-58.82134320827,HD 103703
11.761885207893334,-57.6579522578,2MASS J11454278-5739285
11.996133562763333,-61.0203452679,TYC 8973-2084-1
11.997185854916,-61.60683976907,ASAS J115948-6136.2
11.674406299017999,-62.0260189681,ASAS J114028-6201.6
11.935368485554667,-63.23601187277,HD 309346
11.924683458524,-62.196428003419996,HD 103589
11.864229416666666,-65.20590702777778,HD 103079
11.616677031422,-65.27125830693,1RXS J113700.0-651617
11.557066913119334,-70.19478924943,HD 100546
12.203108874334,-49.835613530530004,CPD-49 4947
12.134783962888665,-50.66127095876,HD 105382
12.199674463065334,-50.7701459394,HD 105994
12.096522696722667,-51.00335303378,HD 105070
12.187448197219334,-52.21755206958,HD 105874
12.079021468643333,-52.35434280322,HD 104897
12.194199929992001,-52.368440116740004,* rho Cen
12.203335802505332,-54.230454846,HD 106048
12.24742304828,-55.7898687952,HD 106444
12.24742304828,-55.7898687952,HD 106444
12.247863489825333,-55.784342578579995,CD-55 4499
12.247863489825333,-55.784342578579995,CD-55 4499
12.209933306725333,-55.340914774350004,CD-54 4621
12.209933306725333,-55.340914774350004,CD-54 4621
12.184964228464,-56.401356506119996,HD 105857
12.160773871562666,-58.34965488054,HD 105613
12.252421312361111,-58.74892692666667,* del Cru
12.161627472548666,-58.91251711946,CD-58 4411
12.002612884868666,-57.117221060060004,HD 104231
12.103757822108,-57.03799171241,CD-56 4292
12.192061793020667,-58.28145358723,CD-57 4328
12.307677946666667,-59.7202878,CD-59 4205
12.257851627777777,-62.539048083333334,HD 106538
12.202853960284,-63.454114144500004,HD 106036
12.307289465143334,-64.0030853698,* zet Cru
12.23250155881,-62.920256808779996,2MASS J12135700-6255129
12.23250155881,-62.920256808779996,2MASS J12135700-6255129
12.128436399850667,-62.457807238440004,V* FN Cru
12.285086044286667,-65.69295965132001,HD 106797
12.275014496492668,-67.19660162397,2MASS J12163007-6711477
12.275014496492668,-67.19660162397,2MASS J12163007-6711477
12.043803498053332,-69.19228861704,HD 104600
12.07746805,-68.32891091666666,HD 104878
12.277849092934002,-70.12672351843,TYC 9231-1185-1
12.277849092934002,-70.12672351843,TYC 9231-1185-1
12.414421862854,-72.60389868716,HD 107947
12.241289689574666,-47.6128048371,HD 106389
12.248989029876666,-47.94849590942,HD 106473
12.353255764122,-48.05533209216,HD 107437
12.365460858406,-49.77012307628,CD-49 7027
12.365460858406,-49.77012307628,CD-49 7027
12.416567534174,-50.19185630952,HD 108035
12.415690604154001,-48.90751707288,GSC 08239-00805
12.367860780296,-48.69026489665,CD-47 7559
12.367860780296,-48.69026489665,CD-47 7559
12.373570761350667,-51.02621163151,HD 107649
12.345611783406001,-52.25693595761,CD-51 6597
12.442155429472223,-51.45063609638889,* G Cen
12.3397276,-52.704601000000004,ASAS J122022-5242.1
12.352245065186,-52.20630655803,CD-51 6605
12.242802972879332,-51.17014035805,CD-50 6815
12.242802972879332,-51.17014035805,CD-50 6815
12.27139454275,-50.924006250439994,UCAC3 79-152651
12.387308966666666,-55.6712164,RX J1223.2-5540
12.298108752887334,-55.975525840900005,HD 106906
12.394479652607332,-56.27570809372,CD-55 4588
12.380397722052667,-57.67613024297,HD 107696
12.512853800459334,-58.187993243799994,HD 108857
12.316117781068002,-57.62198506027,CD-56 4401
12.316117781068002,-57.62198506027,CD-56 4401
12.405073230220667,-58.97644915934,HD 107920
12.402711572067334,-60.06157509152,ASAS J122410-6003.6
12.520178091816668,-61.90874753705,HD 108904
12.443304227777778,-63.09909286111111,* alf Cru
12.743001685730666,-63.5295087612,V* FI Cru
12.743001685730666,-63.5295087612,V* FI Cru
12.395052938579333,-63.87007910057,HD 107821
12.610827203808666,-63.7454222425,CPD-63 2367
12.610827203808666,-63.7454222425,CPD-63 2367
12.665514418492666,-66.5111363708,V* FH Mus
12.619727191277779,-69.13556478861112,* alf Mus
12.645215774207333,-68.76364539878,HD 109832
12.935641169738666,-69.44835024525,2MASS J12560830-6926539
12.935641169738666,-69.44835024525,2MASS J12560830-6926539
12.973773338443333,-70.48031899759,CD-69 1055
12.973773338443333,-70.48031899759,CD-69 1055
12.527241432683335,-45.98318275658,TWA 20
12.46732835513889,-50.23063534222222,* sig Cen
12.553385320344667,-52.08284360217,HD 109195
12.679620029737332,-52.184619265989994,CD-51 6900
12.733870855851999,-53.50572101191,HD 110634
12.740720241116,-54.34670447946,HD 110697
12.555535905152668,-54.98112812618,HD 109197
12.587369577254668,-55.89299509327,HD 109458
12.61637936348,-54.20500019775,CPD-53 5235
12.61637936348,-54.20500019775,CPD-53 5235
12.635348127777778,-55.931218027777774,HD 109808
12.719216283512667,-56.17622729189,HD 110506
12.772976276666668,-56.48881572361111,HD 110956
12.743047847174665,-57.286902309409996,HD 110698
12.688382463422666,-58.43221552073,HD 110244
12.794084980732,-58.41572817922,HD 111103
12.794222585533333,-58.29757307873,HD 111102
12.79494931725,-58.432178253429996,HD 111104
12.813383180677334,-56.59383891776,CD-55 4799
12.795352436111111,-59.688772,* bet Cru
12.808759629959335,-59.74702527042,GSC 08659-01804
12.64321152718,-59.27886840667,2MASS J12383556-5916438
12.64321152718,-59.27886840667,2MASS J12383556-5916438
12.910884048805556,-59.14670079416667,* lam Cru
12.935943389178666,-61.45707596143,HD 112245
12.935943389178666,-61.45707596143,HD 112245
12.917752564942665,-63.64079469437,HD 112109
13.046395357303334,-62.23307028067,HD 312273
13.046395357303334,-62.23307028067,HD 312273
13.083900300794667,-64.44158390082,HD 113457
13.328728165940666,-67.36432433716999,HD 115583
13.233643708368,-68.77735231257999,TYC 9242-290-1
13.233643708368,-68.77735231257999,TYC 9242-290-1
13.368761720684,-69.63672760881,CPD-68 1894
13.292452726666667,-70.6285362,UCAC4 097-047114
12.751877483812,-47.71616719381,HD 110817
12.838810651542001,-49.863600541130005,HD 111520
12.662832292378,-49.19876413854,HD 110058
12.951208729058665,-51.1987535821,* H Cen
12.715239807947999,-50.81668949529001,HD 110484
12.966051188834,-52.61515449365,HD 112509
12.949506250486,-54.58735517894,V* V823 Cen
12.870753900106001,-55.89374118902,[FS2003] 0652
12.909895707972222,-57.177922923611106,* mu.01 Cru
12.910245599709334,-57.168664977329996,* mu.02 Cru
13.20488738611111,-59.92057894444444,V* V831 Cen
13.092389944871334,-58.535544480999995,HD 113556
13.154497953247335,-60.308348761999994,HD 114082
13.2987265793,-61.01078623465,HD 115361
13.377203639328945,-60.988380600585835,* J Cen
13.183060972062666,-62.08770622198,HD 114319
13.565227716958667,-65.61155698389999,IRAS 13303-6521
13.902062313136,-67.56246517881999,CPD-66 2366
13.987034311367333,-71.6150131676,TYC 9251-1662-1
13.11517761036111,-49.90624509,* ksi02 Cen
12.999967219821333,-50.389579884519996,HD 112810
13.111145351646666,-51.994060837250004,CD-51 7268
13.182897904836667,-52.5668980282,V* V824 Cen
13.12597313048,-52.90548414119,HD 113901
13.127301286912001,-53.459763831420005,HD 113902
13.03074947178,-53.082822960170006,CPD-52 6110
13.03074947178,-53.082822960170006,CPD-52 6110
13.409755847425334,-55.956711598220004,HD 116402
13.502493018952666,-58.48454333725,HD 117214
13.453388629817333,-59.63730414004,HD 116794
13.322094717282667,-59.47234473185,HD 115600
13.776498651687334,-62.06937632543001,HD 119718
14.582229337148666,-70.50192822265,TYC 9261-1244-1
14.682229919491332,-70.77054055962999,TYC 9261-1334-1
13.109954505555555,-46.03389383333333,HD 113766
13.34767086285,-48.72214471222,HD 115875
13.083179157274,-47.39681636537,HD 113524
13.104640031499999,-48.46329055472223,* f Cen
13.340781157988001,-49.22366865845,HD 115820
13.254630101260666,-50.968710544480004,HD 115029
13.365869321181332,-51.28225419473,HD 116038
13.410027148897333,-51.5044568644,HD 116434
13.239954928059333,-50.90054033623,CD-50 7600
13.239954928059333,-50.90054033623,CD-50 7600
13.223153575,-50.699826305555554,HD 114772
13.343840375484668,-52.74782482484,V* V964 Cen
13.402398046017334,-53.79309830749,HD 116356
13.545134924837999,-55.827549669570004,HD 117620
14.004830873439333,-61.48102723833,HD 121901
13.301417850206667,-44.055383338389994,HD 115470
13.21864938563425,-45.62879651302,CD-45 8499
13.429953376859332,-48.24940182499,V* V966 Cen
13.345941035183333,-46.19380873626999,V* V1267 Cen
13.451652936066665,-48.938364271759994,CD-48 8201
13.451652936066665,-48.938364271759994,CD-48 8201
13.737778473366,-51.01245074068,V* V827 Cen
13.786266739546667,-52.26925741822,HD 119884
13.868017306639334,-52.81152953918,* N Cen
13.636465374894666,-52.24032368694,TYC 8273-917-1
13.938879225,-54.13242061111111,HD 121336
13.770692889244001,-54.683367196359995,HD 119727
13.662701636388666,-54.148134816769996,HD 118697
13.695770047222222,-54.55942430555555,* Q Cen
13.910640706891334,-55.73832226465,HD 121040
13.544234106739333,-44.450254229630005,HD 117665
13.357196539236666,-43.63432690741,HD 115988
13.623187801252667,-46.427897854899996,HD 118354
13.525268722796667,-46.7352329795,HD 117484
13.740120043000665,-47.1094475382,TYC 8266-2914-1
13.740120043000665,-47.1094475382,TYC 8266-2914-1
13.745540477498666,-49.299371252579995,HD 119511
13.797375469129333,-49.03488471107,CD-48 8486
13.831806452287333,-50.239965830930004,HD 120326
13.917023755504665,-50.75061531408,HD 121176
13.919443344101333,-50.74526293331,HD 121189
13.920039518449332,-52.16082147991,HD 121190
13.988350754753998,-51.89284592613,HD 121835
14.271386942086668,-53.81720957737,HD 124619
14.249205085763998,-57.086124834870006,HD 124367
14.504427239285333,-59.067054025740006,TYC 8691-2027-1
14.499544213543333,-56.13124006714,V* V853 Cen
13.712130048420667,-43.18570191195,HD 119221
13.645243773599333,-44.51628840254,HD 118588
13.677125547679333,-44.330238565760006,HD 118878
14.128002229526667,-48.70402749928,HD 123247
14.078374632809332,-50.07140730481,HD 122705
14.458457016017332,-52.525115434759996,HD 126488
14.630618158510668,-54.961452996400006,CD-54 5780
14.723591648959333,-56.72758558497,TYC 8688-2450-1
13.825076788555556,-41.687708908055555,* nu. Cen
13.826941285944445,-42.47373044277778,* mu. Cen
13.721337215527333,-42.55354871844,TYC 7797-1361-1
13.977985745861112,-44.80358582416667,* ups01 Cen
14.067425487004,-44.614018317660005,HD 122613C
14.102287665708,-44.68908813207,HD 122982
14.346927818208668,-47.812296699289995,TYC 8281-1497-1
14.417121887581999,-48.37673581865,HD 126113
14.505817486306,-49.5190370956,HD 126983
14.404582616426,-50.224521423140004,CD-49 8711
14.100768956833333,-41.17963299444444,* chi Cen
13.97118522238889,-42.100753975277776,* phi Cen
14.039090791016667,-41.74745543732,CD-41 8400
14.147746122092666,-43.47077775239,HD 123445
14.432919770960666,-44.82314042467,HD 126318
14.459331460351999,-46.21351958443,HD 126561
14.575957187323333,-46.304789612049994,HD 127750
14.410277846048666,-47.177740088069996,HD 126062
14.451543246532,-47.23937459999,CD-46 9327
14.481085050798667,-47.992082292,HD 126759
14.698821051833333,-47.38819874611111,* alf Lup
14.631451618666667,-49.42582771083333,* rho Lup
14.924091284200665,-51.48367116445,CD-50 8911
17.304068827922002,-60.45763373855,HD 155915
14.353205126457333,-41.70691989528,HD 125541
14.136154041687332,-41.3979370253,CD-40 8434
14.48531983611111,-43.36189216666667,HD 126838
14.393854737833333,-43.96190488527778,HD 125912
14.503757107848,-43.83608998753,TYC 7818-504-1
14.584819372755334,-43.55454977804,HD 127879
14.469249126676667,-44.23819172654,HD 126670
14.705458815626667,-44.535181696449996,CPD-44 6913
14.693055487455334,-47.00799560667,CD-46 9495
15.073853134232666,-47.977073686000004,HD 133117
15.835301005784666,-53.209770717050006,HD 141168
14.383955285944444,-39.51181923611111,* a Cen
14.447187000529334,-39.87398451486,HD 126475
14.412198883190001,-40.75516398317,HD 126135
14.520660869199334,-40.655930443449996,HD 127215
14.592077511188668,-41.51744226349,HD 127971
14.549184923298,-42.40545440234,HD 127498
14.591784489166667,-42.15782521722222,* eta Cen
14.849640702955334,-42.82251667932,HD 130697
14.860639691805556,-43.57536015166667,* omi Lup
15.124329325984,-46.0187146294,RX J1507.4-4601
15.157757784338001,-46.849232367140004,CD-46 9829
15.085343045087862,-47.0510636022725,* pi. Lup
15.308895266666667,-47.87527658333333,* mu. Lup
15.957923442983999,-50.26966454981,HD 142546
16.24778075,-50.438466388888884,CD-50 10271
16.135481280521333,-50.698785077409994,2MASS J16080772-5041556
17.498632654266668,-54.26351378353,CD-54 7336
14.612258958764,-40.21158230212,HD 128207
14.668058668894,-40.900660940899996,HD 128788
14.671568647586,-40.84168070345,HD 128819
14.986023593944443,-42.10419636638889,* kap Cen
14.94882138551,-42.461289701640005,HD 131777
15.010466793186,-43.14276224784,2MASS J15003768-4308339
15.014414905653334,-43.522543144029996,CD-43 9534
15.144221673405333,-42.86792290517,HD 133937
15.099126323728001,-43.200872309130006,UCAC2 13373557
15.144028672127332,-44.01443868587,HD 133938
15.143815381249333,-44.38806928429,V* LQ Lup
15.264648860702,-44.30481187407,V* LS Lup
15.276842539790668,-44.122352781400004,RX J1516.6-4406
15.145140958592,-44.484546444770004,HD 133954
15.30034401368,-44.74083974193,2MASS J15180123-4444269
15.449280099560667,-44.10758914795,HD 137323
15.433235329330666,-45.02106157389,V* MS Lup
15.496911254539999,-45.37939158333,RX J1529.8-4522
15.598124461111112,-44.95838838888889,* d Lup
15.667344996613332,-46.571874025010004,RX J1540.0-4634
16.030727419759334,-47.976161158770005,HD 330220
16.26773267813333,-49.07483241428,HD 145972
16.334358345162666,-48.024943692419996,HD 330514
17.69695512154,-50.72445582527,HD 160305
17.80937465852339,-53.112047874181116,HD 161460
14.699330744333334,-37.79349834,* b Cen
14.880853819,-37.803163044166666,HR 5543
14.987201453026666,-37.88123230356,HD 132238
14.873942926478,-37.66913309709,UCAC2 15760486
14.989656813274665,-40.220029134650005,HD 132264
15.090519402030667,-38.950885321630004,2MASS J15052586-3857031
14.903115760557334,-39.92316819224,TYC 7824-2095-1
15.136701076583332,-40.583932060340004,V* HR Lup
15.235430052648665,-41.0600838253,HD 134974
15.315659626418668,-40.78822126349,V* GG Lup
15.314671850170667,-40.84798949156,V* LX Lup
15.321111894507332,-40.935437736279994,V* LY Lup
15.359806237776667,-40.74948187612,HD 136334
15.390438009696666,-40.929659421109996,V* MM Lup
15.401183386561334,-41.16158044719,CD-40 9577
15.452922493891332,-41.64261973315,CD-41 9904
15.505914105555556,-41.919026583333334,HD 137919
15.246522339552666,-42.337509551290005,TYC 7830-1237-1
15.587568067292667,-41.94964340102,TYC 7844-2273-1
15.521734574580668,-43.558985169269995,[KWS97] Non-TTS 6
15.64529739995,-44.196505274159996,CD-43 10072
15.811678591702,-43.58911917588,CD-43 10250
15.704446390882666,-44.59556756716,CD-44 10327
16.106485838187336,-44.79321013621,RX J1606.3-4447
16.073031682244668,-44.802441236629996,2MASS J16042291-4448088
16.22620377383733,-45.817692037410005,HD 145560
16.399569406118,-47.10247066968,HD 330587
16.457760917116666,-45.711190472270005,HD 328252
16.508786620018668,-47.30334432028,TYC 8329-2103-1
14.948463268388666,-35.69546078144,HD 131835
14.977135345076,-35.67510965807,CD-35 9931
14.973406854458666,-37.36247284481,HD 132094
15.148277265789332,-37.26302997429,RX J1508.8-3715
15.21696421388889,-37.246668972222224,HD 134799
15.358359452777778,-38.218690611111114,HD 136347
15.418452796347527,-38.16923879970083,HD 137015
15.421125485949332,-38.15789796613,HD 137057
15.48574203758,-39.29085814331,HD 137750
15.534496149927334,-38.6225408578,HD 138204
15.36989362527,-39.99749570072,V* LZ Lup
15.269570945783334,-38.86572378441,CD-38 10127
15.522350925772667,-38.919861490749994,TYC 7836-1623-1
15.572459073087334,-39.34920830272,HD 138564
15.489751557337332,-40.16387366491,HD 137786
15.568711486951333,-39.2714478195,CD-38 10460
15.585680097222223,-41.16675686111111,* gam Lup
15.61980580983,-40.26578202243,CD-39 10026
15.643964662591722,-39.28204453263305,RX J1538.6-3916
15.577266921502666,-40.0411342155,2MASS J15343816-4002280
15.501185091008,-41.11950664304,HD 137888
15.750508814275333,-40.84193829072,HD 140421
15.739631708333333,-41.81908836111111,HD 140285
15.764510539885444,-42.371233557793886,CD-41 10274
15.794934735328,-40.307430046289994,CD-39 10162
15.806883476544,-42.61805825196,HD 141011
15.962338657727333,-40.824351138980006,WRAY 15-1392
15.991911592285332,-40.865166168550004,HD 143022
15.890914359961332,-42.26686410153,V* NZ Lup
15.987908814300665,-41.95286111616,WRAY 15-1400
15.931457502193332,-40.695448844619996,V* PQ Lup
16.20465194722222,-42.37504997222222,HD 145357
16.062601275722223,-43.93033286111111,HD 143677
16.40103764304933,-43.323946745200004,HD 325602
16.717056468264666,-44.09100471106,HD 328585
16.739193030348,-44.37874434535,HD 150645
16.820362947017333,-43.92442319611,HD 326277
14.465070365206666,-59.743062777860004,2MASS J14275425-5944350
16.142857501237334,-39.10509047537,V* V856 Sco
18.239464909085335,-32.76948137262,GSC 07396-00759
13.745221308513333,-63.79706928644,2MASS J13444279-6347495
13.745221308513333,-63.79706928644,2MASS J13444279-6347495
15.963898078455333,-23.08597541616,RX J1557.8-2305
15.851833771128,-24.03864429013,RX J1551.1-2402
16.011267945198668,-22.00895325433,TYC 6212-1183-1
16.018893593633997,-21.221820902559998,2MASS J16010801-2113184
16.033443029456002,-22.35662291107,2MASS J16020039-2221237
16.0598606931,-22.76558875683,CD-22 11315
16.103483648056002,-20.613136789800002,ASAS J160612-2036.8
16.117653919675334,-20.607465553780003,RX J1607.0-2036
16.048317913333864,-20.380137153041666,2MASS J16025396-2022480
12.425990798827694,-72.46341529207723,[SWB2008] NGC 4372 1
16.047897647713334,-24.039616718410002,2MASS J16025243-2402226
16.047562948362668,-24.03262928774,RX J1602.8-2401B
15.617260258174001,-31.61106293568,CD-31 12102A
15.403620708958,-30.5159021115,2MASS J15241303-3030572
15.513306345736,-30.36819517844,2MASS J15304790-3022054
15.524891766666668,-30.365009200000003,RX J1531.5-3021
15.630928333185334,-30.75445763877,2MASS J15375134-3045160
15.987365252825333,-26.105119002290003,2MASS J15591452-2606182
15.993504594898665,-32.926147612899996,2MASS J15593661-3255340
10.913882348045334,-65.44605621737,TYC 8966-1241-1
12.351388512404,-71.28035467658,ASAS J122105-7116.9
12.358554573333333,-64.06465779999999,V* FP Cru
12.358554573333333,-64.06465779999999,V* FP Cru
12.993258558741333,-68.13364424583001,2MASS J12593573-6808010
16.238624020922,-33.43451242581,CD-33 11021
10.934504169286667,-61.86817348817,UCAC4 141-060485
12.333158373705333,-50.310436310389996,UCAC4 199-067420
12.737383189042,-69.04320963325999,ASAS J124413-6902.2
12.851546459506666,-52.88671539747,UCAC4 186-087394
12.851546459506666,-52.88671539747,UCAC4 186-087394
13.191396424622,-42.87825682493,ASAS J131129-4252.8
13.564801692281334,-65.61315953712999,2MASS J13335329-6536473
13.872348674481334,-38.42626506637,UCAC4 258-068557
14.396507213342666,-59.590570939850004,CD-59 5220
14.630288318085334,-49.47412308661,UCAC4 203-088985
14.688731102669333,-50.02219454236,TYC 8287-413-1
15.741321494728,-47.76153880237,2MASS J15442874-4745415
16.330748480231,-21.90991588121583,1RXS J161951.4-215431
10.689724558058668,-69.67862650863,CD-69 783
11.13552625647,-63.69636410871,TYC 8962-1747-1
11.864023392125999,-64.1243789994,TYC 8981-807-1
11.928609474525999,-56.62544326193,PM J11557-5637
11.932696435088,-52.9002543433,CPD-52 5025
12.20223635459,-65.91527204605,TYC 8986-3110-1
12.213558861921333,-62.50888072847,ASAS J121248-6230.4
12.213558861921333,-62.50888072847,ASAS J121248-6230.4
12.348474504452001,-64.95670883421,2MASS J12205449-6457242
12.348474504452001,-64.95670883421,2MASS J12205449-6457242
12.446787098114001,-52.25200683184,TYC 8243-1939-1
12.508217676599333,-52.37415799581,TYC 8243-2975-1
12.559392337711333,-57.23515659496,CPD-56 5307
12.559392337711333,-57.23515659496,CPD-56 5307
12.604912184980666,-50.711692155790004,CPD-50 5313
12.656419922082,-72.7344334688,TYC 9236-254-1
12.763565038801334,-54.18292179495,TYC 8647-324-1
12.763565038801334,-54.18292179495,TYC 8647-324-1
12.796736048958666,-54.52519732815,TYC 8651-442-1
12.796736048958666,-54.52519732815,TYC 8651-442-1
12.847621499259334,-51.94314634096,V* V1257 Cen
12.847621499259334,-51.94314634096,V* V1257 Cen
13.115109966264667,-45.69200502461,2MASS J13065439-4541313
13.393299604537999,-47.312952072989994,TYC 8252-533-1
13.575524456614666,-42.15852507722,CD-41 7947
13.575524456614666,-42.15852507722,CD-41 7947
13.673762018336,-46.564262772419994,TYC 8261-1690-1
13.673762018336,-46.564262772419994,TYC 8261-1690-1
13.765552886485333,-52.37374506794,CD-51 7721
13.765552886485333,-52.37374506794,CD-51 7721
13.911693488431334,-48.34939159782,CD-47 8710
13.911693488431334,-48.34939159782,CD-47 8710
14.013806698198668,-42.615812247950004,CD-41 8368
14.100116567782667,-41.206921013750005,TYC 7807-677-1
14.213033079541999,-38.52281319785,CD-37 9234
14.314796321196,-48.458736354710005,CD-47 9039
14.362163016335334,-46.86898233403,TYC 8277-192-1
14.413275715762,-50.69261889811,TYC 8289-1388-1
14.634305886724666,-49.53396104769,GSC 08287-00714
14.648446236804,-43.17285172376,CD-42 9515
15.131710626695334,-47.50802565737,TYC 8297-3606-1
15.212353410239333,-31.28006681671,CD-30 12033
15.526147879587334,-36.041302218329996,CD-35 10352
15.691982244845333,-53.50825456217,TYC 8696-1949-1
15.94556014163714,-42.70837199180667,2MASS J15564402-4242301
15.94556014163714,-42.70837199180667,2MASS J15564402-4242301
16.019641871052,-48.07883642008,CD-47 10494
16.097799541393332,-34.65920481218,CD-34 10750
16.497199767598,-27.480531143399997,CD-27 10964
16.589575766666666,-33.481362000000004,CD-33 11275
16.647072620778665,-27.59153029828,CD-27 11045
13.296352833928,-44.94819663395,UNSW-V 514
13.320475616569333,-45.109099131360004,UNSW-V 517
14.704417768925333,-41.00513617242,ASAS J144214-4100.4
11.538419884436,-30.33107160295,TWA 30
11.991075128988,-45.17201238882,TWA 45
16.310343347416666,-24.08962391419,CD-23 12840A
13.762288384391333,-49.08054134444,2MASS J13454424-4904500
16.61032322518867,-23.66698958213,UCAC2 22258293
14.129980489603334,-39.76187973888,ASAS J140748-3945.7
16.087770728088,-11.967720819,TYC 5620-723-1
15.974585269024,-16.17717999801,TYC 6187-1442-1
15.526988123283335,-21.9469358046,TYC 6196-1611-1
16.213003717345334,-22.22547477181,TYC 6213-85-1
15.364558854168,-28.71062573454,TYC 6775-1218-1
16.009212309682667,-27.43849650619,TYC 6787-1267-1
16.510669060052,-24.30869336559,TYC 6795-600-1
16.341621559977998,-27.27338581146,TYC 6802-810-1
16.531519736439332,-26.60471004172,2MASS J16315346-2636169
16.405167578671332,-28.913196970669997,2MASS J16241860-2854475
14.933336322187333,-31.41613236552,TYC 7298-1077-1
15.871150685912001,-32.31251453722,TYC 7332-167-1
16.341472153974667,-32.90267939466,2MASS J16202930-3254096
11.282973090188667,-44.106226763820004,TYC 7738-1638-1
13.64704745452,-42.62317644967,TYC 7796-286-1
13.64704745452,-42.62317644967,TYC 7796-286-1
13.720267885756,-41.92683287864,TYC 7797-615-1
13.634988674279999,-43.74901283483,TYC 7800-858-1
13.634988674279999,-43.74901283483,TYC 7800-858-1
13.826396241042,-44.86957424311,TYC 7801-1053-1
14.655726115654668,-39.091161812230006,TYC 7806-1040-1
14.245769965786,-42.122911998,TYC 7812-465-1
14.148910133911999,-44.06358847406,TYC 7815-1041-1
14.206807129993999,-43.454160464900006,TYC 7816-859-1
15.174874312579332,-39.04906221557,TYC 7822-2509-1
15.14853507797,-43.053823224329996,TYC 7829-2168-1
15.207501317469333,-44.89401364695,TYC 7834-255-1
15.219080701562,-44.837716271480005,TYC 7834-783-1
15.466984090908667,-37.86001938516,TYC 7835-4-1
15.44614167042,-38.82217320072,TYC 7835-1429-1
15.445576390012,-38.833009298650005,TYC 7835-2042-1
15.832892522434,-43.110304583520005,TYC 7845-55-1
16.139054492340666,-41.16397790523,TYC 7855-67-1
12.529113668889334,-48.14674823303,TYC 8235-2143-1
12.157379297866667,-49.396868935309996,TYC 8237-1980-1
12.681828832274666,-50.53198215453,TYC 8240-182-1
12.150625914392666,-51.344719067940005,ASAS J120900-5120.8
12.291137246889333,-51.37263113126,TYC 8242-1079-1
12.630233562576667,-52.16285964855,2MASS J12374883-5209463
12.680487999291334,-50.802147308049996,TYC 8244-550-1
13.594674518426,-48.30344573704,TYC 8265-229-1
13.942970086801333,-49.12080601576,TYC 8271-864-1
13.942970086801333,-49.12080601576,TYC 8271-864-1
15.334047252084668,-46.64280259202,TYC 8294-327-1
15.062125642284668,-51.94217419556,TYC 8305-1737-1
16.290868931648667,-50.38925636116,TYC 8319-1530-1
10.811895888790001,-54.70914332633,TYC 8618-427-1
11.261508792361333,-55.18563437221,TYC 8620-489-1
11.448043254816668,-58.77744319117,TYC 8629-386-1
11.990441760273832,-54.129051849176946,TYC 8631-489-1
12.231018378356,-54.331338790260006,TYC 8633-2476-1
12.236527909716,-54.93395705264,TYC 8637-2220-1
11.965817135672,-58.358125255640005,TYC 8643-152-1
12.81292253183,-54.29261105957,TYC 8647-403-1
12.85114831329,-52.89224543739,TYC 8647-2425-1
12.652197448174,-58.19981999154,TYC 8658-174-1
14.281653695282667,-53.936060435159995,TYC 8678-1562-1
10.156067179332,-67.61058498707999,TYC 9210-1484-1
14.31233514172,-58.83458350459,TYC 8690-2876-1
12.789432377272666,-68.14446249377,TYC 9228-1355-1
12.789432377272666,-68.14446249377,TYC 9228-1355-1
15.140985114630666,-58.02278866679,TYC 8702-17-1
15.367936945366,-56.57629376098,TYC 8703-1058-1
14.487451372779999,-67.87246051574999,TYC 9257-162-1
11.05875027777778,-63.36609166666667,TYC 8962-1373-1
10.904826838995334,-64.68090494948001,TYC 8966-142-1
10.924684128537999,-66.48742214933,TYC 8970-1170-1
11.872894573036,-61.93377664747,TYC 8977-9124-1
11.872658428612667,-64.74172560625,TYC 8981-1580-1
12.396524299591999,-64.04858922861,TYC 8983-854-1
12.396524299591999,-64.04858922861,TYC 8983-854-1
12.411646507536666,-64.61708239485999,TYC 8983-2153-1
11.717929784841333,-67.23919306091,TYC 8985-607-1
13.420035080696666,-64.93908027213,TYC 8998-760-1
13.562250891479334,-63.99291613532,2MASS J13334410-6359345
13.463539173286666,-66.38022543670999,TYC 9003-1880-1
14.099155128314667,-61.8201856262,TYC 9005-3316-1
14.336675020654667,-53.66491614221,2MASS J14201202-5339537
12.169627993982665,-48.92987667446,1RXS J121010.3-485538
12.169627993982665,-48.92987667446,1RXS J121010.3-485538
12.454622520133999,-62.65393800415,2MASS J12271665-6239142
12.454622520133999,-62.65393800415,2MASS J12271665-6239142
12.866833929434668,-56.26602831621,2MASS J12520059-5615576
16.86968428,-33.99263,ASAS J165211-3359.4
17.328348265520667,-46.25768595106,WRAY 15-1674
12.086815910774668,-53.52317588375,ASAS J120513-5331.4
12.086815910774668,-53.52317588375,ASAS J120513-5331.4
12.139055555555554,-58.83752777777778,[SZB2012] 8
12.374679749648001,-57.65338332589,2MASS J12222884-5739121
12.377757977674667,-60.3401110575,2MASS J12223992-6020244
12.793329336192,-50.84774175076,2MASS J12473599-5050518
12.853475245448667,-56.51292122244,2MASS J12511246-5630467
12.932206618800667,-53.92532995589,2MASS J12555594-5355311
14.84278888888889,-34.98225,[SZB2012] 73
15.561256978872,-39.296343952259996,UPM J1533-3917
17.41486388888889,-39.2455,[SZB2012] 96
18.309834735355334,-37.170193342329995,UPM J1818-3710
10.987225777777777,-61.32073611111112,HD 95324
16.593188274034,-25.68876176832,UCAC2 21344828
12.747080079023332,-49.31320486145,UCAC2 10636044
15.921170849165332,-13.92044604199,UCAC2 26906267
13.166336329182,-45.46078416475,UCAC2 12444765
12.790580636092667,-54.75433681299,2MASS J12472609-5445156
13.175680624536666,-48.28435622512,ASAS J131033-4816.9
13.864866515482,-48.78071405268,UCAC3 83-165990
13.097464718242668,-53.07173937795,ASAS J130550-5304.2
13.342518285393334,-49.46430986351,UCAC2 10642560
16.10901592782667,-22.14014931698,2MASS J16063245-2208245
16.259963696367333,-25.48361541521,2MASS J16153587-2529008
16.17017861400667,-21.07903583776,2MASS J16101264-2104446
15.786287572042667,-17.60674525665,2MASS J15471063-1736244
15.885231306805332,-22.788162910830003,2MASS J15530683-2247174
16.127793907284666,-21.811869284380002,2MASS J16074006-2148426
16.161029016079997,-22.01294595034,2MASS J16093969-2200466
16.28112517914333,-21.90655333912,2MASS J16165205-2154235
10.012122002222666,-65.37095827322999,ASAS J100042-6522.3
16.440933471167334,-27.947415910420002,CD-27 10938
16.167558121122667,-50.43669250102,CD-50 10181
15.949736696893334,-39.5619362932,CD-39 10243
15.583456501304667,-39.25398925834,CD-38 10478
15.307477558846667,-37.63390836753,V* LW Lup
15.997086348930665,-36.47441789142,CD-36 10569
16.033106123356667,-36.21544020582,V* NN Lup
16.641928076707444,-39.152330701848335,V* V1062 Sco
16.303075238122002,-29.18684029033,CD-28 12034
16.126361405326,-24.7614683164,HD 144610
16.17199706202867,-25.04172911299,[PZ99] J161019.1-250230
12.322677167136,-64.90286706509,CPD-64 1859
12.473720720346,-63.34964945505,CD-62 657
12.66054287262,-57.5279431819,CD-56 4581
13.531557372304,-51.225905568520005,HD 117524
12.266989645055334,-56.23528440913,PM J12160-5614
12.797742556207334,-51.44394659524,V* V940 Cen
14.622377694644001,-44.168164850219995,CD-43 9198
14.878328578042668,-41.69867958919,CD-41 9236
14.803665971390668,-41.04975370496,RX J1448.2-4103
14.472046428959333,-42.326138830510004,CD-41 8792
12.802164629888667,-44.65466530293,HD 111227
15.800812275555334,-29.143611072989998,CD-28 11578
16.174689006815335,-22.2299554001,HD 145208
15.972376262468,-18.62364856667,HD 142987
16.136338187141334,-19.07997718036,ASAS J160811-1904.9
18.845689730201332,-31.796495001420002,CD-31 16041
13.204902305555555,-55.14053805555555,2MASS J13121764-5508258
14.362502863524666,-54.484492694400004,2MASS J14214499-5429040
15.950655462197332,-19.84500844113,2MASS J15570234-1950419
15.467561226731334,-26.00093672104,RX J1528.0-2600
15.371185145996668,-26.87366830749,V* PX Lib
15.833114090428666,-36.49928845559,V* MV Lup
15.467468890224668,-37.852430854830004,TYC 7835-328-1
15.733071370664668,-26.38102418118,2MASS J15435905-2622516
15.86259794577,-24.9476037556,UCAC2 21792082
16.043928683144667,-25.69414648873,UCAC2 21339622
16.158109897628666,-18.88155624844,UCAC2 24614911
16.171470473515335,-19.17394517202,2MASS J16101729-1910263
16.174037868040667,-27.94151976492,UCAC3 125-189831
16.195518392569333,-25.44305844415,UCAC2 21567782
16.228794541137997,-22.249855924880002,2MASS J16134366-2214594
17.859506042747334,-48.91552760727,ASAS J175134-4854.9
10.187564660618,-66.34117922172,UCAC2 2699793
14.504058832089333,-45.34102508464,UCAC3 90-179634
12.242184724037333,-51.171023459169994,2MASS J12143187-5110156
16.568292863019334,-26.978950733999998,2MASS J16340585-2658441
16.586633976119998,-28.76446986106,2MASS J16351188-2845520
10.526976749049334,-69.03299832299,1RXS J103137.1-690205
11.747824716794666,-64.64858607077001,ASAS J114452-6438.9
11.755603190975334,-57.819294211320006,1RXS J114519.6-574925
12.114655261710666,-50.74622187798,1RXS J120652.1-504448
12.176959444688666,-57.45577805832,UCAC4 163-088245
12.294574569057334,-50.00741672052,1RXS J121740.3-500040
12.333165513950666,-50.311285241899995,UCAC4 199-067421
12.348851686922668,-65.57680601291,1RXS J122053.2-653418
12.444261692336001,-61.22792914285,1RXS J122638.4-611340
12.627050861708668,-51.71985411558,ASAS J123739-5143.0
12.653905655274,-54.91299524275,ASAS J123911-5454.9
12.700156199999999,-57.9968337,1RXS J124158.5-575959
12.845820726666668,-56.9135762,1RXS J125044.2-565440
12.908473035102666,-50.53010407903,1RXS J125431.4-503123
13.019023528314667,-59.03159178209,UCAC4 155-108877
13.031768079056668,-42.828372964230006,1RXS J130154.9-424951
13.058053651282668,-47.38781054625,ASAS J130329-4723.3
13.120305110735334,-59.86973780289,RX J1307.1-5952
13.20516803628,-54.65152707161,UCAC4 177-101056
13.223129922770667,-54.70434181566,1RXS J131321.6-544217
13.298096048063334,-50.98006282048,1RXS J131752.0-505845
13.488239135485333,-46.23974483172,1RXS J132918.8-461419
13.496041274783332,-48.74354046747,2MASS J13294575-4844366
13.573503803847332,-65.29647066064,IRAS 13309-6502
13.611362900636665,-40.72666640892,1RXS J133641.1-404324
13.682180818798583,-42.74736906511139,UCAC4 237-066142
13.842743838721335,-48.17085224911,1RXS J135032.1-481020
13.923755582017332,-47.11569136146,2MASS J13552552-4706563
13.941572336238,-38.65352051657,UCAC4 257-066343
13.964186481976666,-44.53005920245,ASAS J135749-4431.8
14.003279694852667,-42.5093060509,2MASS J14001181-4230334
14.008861016801333,-64.27347167393,UCAC4 129-102647
14.358474473333333,-38.7570084,1RXS J142131.4-384540
14.368701026256,-54.284912113269996,2MASS J14220732-5417055
14.378788242187333,-46.46818136916,ASAS J142241-4627.8
14.536447391029332,-58.43495088813,1RXS J143211.0-582630
14.581145455475333,-40.07945027067,2MASS J14345213-4004459
14.635724906666667,-43.3668681,1RXS J143808.2-432214
14.740379772903333,-43.498694350950004,1RXS J144426.7-432954
14.962486482424666,-41.69427378867999,ASAS J145744-4141.6
14.97706812,-39.2509375,ASAS J145837-3915.1
14.979367326569333,-33.25289184537,CD-32 10508A
15.06448018,-39.1078506,ASAS J150352-3906.6
15.095622075040001,-33.21413753819,1RXS J150545.4-331300
15.232825404458,-46.48736643599,[KWS97] TTS 15
15.255160301869333,-41.77653189295,1RXS J151517.3-414647
15.256382373333333,-54.685820899999996,1RXS J151522.7-544115
15.286343944363999,-34.572102821040005,2MASS J15171083-3434194
15.321684003152667,-29.722335533419997,1RXS J151917.7-294331
15.399429846332666,-36.332940901840004,UCAC4 269-079228
15.441126763515333,-55.83248491292,1RXS J152625.8-555006
15.499055460798,-31.59577177721,ASAS J152957-3135.6
15.599657692422667,-44.943168220699995,2MASS J15355876-4456355
15.611361686666667,-29.3995706,UCAC4 304-081525
15.774886060776668,-52.289957270369996,CPD-51 8536
15.775295757854002,-52.28289546074,UCAC4 189-117742
15.803191498156668,-47.208315280620006,ASAS J154812-4712.7
15.803608331685334,-23.83122543281,UCAC4 331-079518
15.850395110013332,-15.807954569540001,1RXS J155102.2-154834
15.873858184618667,-39.34757663469,1RXS J155226.9-392056
15.962116830508666,-41.72717502259,1RXS J155744.8-414353
15.970763285213334,-40.48817073265,ASAS J155814-4029.5
15.986395220235332,-18.84562749066,1RXS J155912.5-185104
16.066210955746,-17.85117723934,1RXS J160357.4-175051
16.103395361123336,-45.12097233935,1RXS J160610.6-450735
16.106538413333336,-18.2385725,1RXS J160623.9-181408
16.126020605278,-37.99006241949,1RXS J160733.9-375909
16.133385918479334,-41.26996411096,1RXS J160800.6-411610
16.169917633333334,-32.4433273,ASAS J161012-3226.3
16.214626598054664,-23.33221660827,UCAC4 334-080562
16.221488449848,-29.372313978210002,UCAC4 304-087700
16.233431954387335,-21.14553494113,2MASS J16140035-2108439
16.244124292769335,-25.41669140855,ASAS J161439-2524.9
16.270629633333332,-26.7208495,1RXS J161616.1-264300
16.298802853221336,-38.470333717310005,UCAC4 258-095735
16.320047555866665,-25.84392589005,1RXS J161912.2-255015
16.398567573333334,-33.2102889,UCAC4 284-089365
16.449168238790666,-30.539822887150002,UCAC4 298-095604
16.449168238790666,-30.539822887150002,UCAC4 298-095604
16.449343598929335,-30.541070609170003,TYC 7344-788-1
16.449343598929335,-30.541070609170003,TYC 7344-788-1
16.473481809975333,-47.67765309432,1RXS J162824.8-474027
16.484958807117334,-31.7569539143,2MASS J16290585-3145250
16.518991605015334,-26.851722268350002,2MASS J16310837-2651062
16.793640509269334,-20.240815728130002,2MASS J16473710-2014268
10.795060583668,-55.17066195186,2MASS J10474221-5510143
10.986716746666666,-64.6358823,UCAC4 127-040152
11.24891107775,-71.02863674658,2MASS J11145608-7101430
11.730288299613333,-69.07311644712999,2MASS J11434903-6904232
11.814619727923334,-56.962245165000006,2MASS J11485263-5657441
12.221832307506666,-48.26634362031,2MASS J12131860-4815588
12.372777907152,-51.24058941762,2MASS J12222200-5114260
12.423729438041999,-53.899119365909996,2MASS J12252542-5353568
12.476606177812666,-49.80059685123,2MASS J12283577-4948021
12.587705229156,-49.331079690310006,2MASS J12351574-4919517
12.653634704318668,-54.48479901417,2MASS J12391307-5429052
12.728121011632666,-42.068235971440004,2MASS J12434124-4204055
13.470857266666666,-44.777142,2MASS J13281508-4446377
13.486008061709999,-47.9318451474,2MASS J13290963-4755545
13.747993173869999,-68.00922126413,2MASS J13445275-6800331
13.753665,-61.470818,2MASS J13451319-6128149
13.971702664595334,-45.067871858240004,2MASS J13581812-4504043
14.0300664,-41.007339,2MASS J14014823-4100264
14.030613303657335,-40.98988846708,2MASS J14015020-4059234
14.336698157536667,-49.28957809848,2MASS J14201211-4917224
14.704085987276667,-59.86238238228,2MASS J14421471-5951445
14.725904163328,-52.689284458859994,2MASS J14433325-5241213
14.953386422626,-31.13322629592,2MASS J14571217-3107596
15.044009199757333,-41.936255345439996,2MASS J15023844-4156105
15.059098464948667,-30.56211197931,2MASS J15033281-3033435
15.078380019126666,-30.31531567537,2MASS J15044217-3018552
15.182845333333333,-39.447252299999995,CD-38 10027
15.368729161854,-39.50393184527,2MASS J15220743-3930140
15.373470672472667,-33.62645914374,2MASS J15222449-3337352
15.384734857124666,-36.45817666912,2MASS J15230505-3627294
15.394827083902,-40.07931759608,2MASS J15234137-4004455
15.413170465838,-42.9664742575,2MASS J15244741-4257591
15.573034972222223,-25.2440925,CD-24 12167
15.617391282455333,-29.71198465505,2MASS J15370261-2942430
15.620051778309334,-26.74765041463,2MASS J15371218-2644516
15.622197637642667,-30.68753292115,2MASS J15371991-3041150
15.706627694417332,-46.429760287819995,2MASS J15422385-4625471
15.718531879273334,-46.71846456482,2MASS J15430669-4643064
15.727649241122,-29.150994015029998,2MASS J15433953-2909035
15.798820785977334,-23.00923405532,2MASS J15475575-2300331
15.818521482078,-18.21982022021,2MASS J15490667-1813113
15.993628755086666,-32.928204687539996,2MASS J15593706-3255414
16.03213335831333,-24.20917631322,2MASS J16015568-2412329
16.104074049217335,-44.220420130680004,2MASS J16061466-4413135
16.148441988538668,-41.81011483965,2MASS J16085438-4148364
16.257863702442666,-34.04219269277,2MASS J16152831-3402319
16.261861660134667,-29.01712102603,2MASS J16154270-2901016
16.301331974270667,-22.410963538889998,CD-22 11485
16.409490343218,-26.11018469771,2MASS J16243416-2606367
16.456591952362665,-28.92465647275,2MASS J16272373-2855286
16.484574000000002,-26.01083,2MASS J16290446-2600389
16.543796897655334,-45.6985162828,2MASS J16323765-4541547
16.60502804675667,-18.4759040241,2MASS J16361809-1828333
16.66527528362133,-23.46689652456,2MASS J16395498-2328007
16.766031100923332,-43.35125027449,2MASS J16455772-4321044
16.86686041674667,-21.38202962725,2MASS J16520069-2122553
16.90670936226333,-25.00558851634,1RXS J165424.2-250018
